{"initial_reset_timestamp": 1607663355.485294, "timestamps": [1607663361.2286978], "episode_lengths": [149], "episode_rewards": [149.0], "episode_types": ["t"]}