{"initial_reset_timestamp": 1607663404.4665222, "timestamps": [1607663411.9111102], "episode_lengths": [200], "episode_rewards": [200.0], "episode_types": ["t"]}