{"initial_reset_timestamp": 1607663473.1524298, "timestamps": [1607663474.2770143], "episode_lengths": [10], "episode_rewards": [10.0], "episode_types": ["t"]}